{
  "urls": [
    "ch11.ogg",
    "ch11.m4a"
  ],
  "sprite": {
    "silence": [
      0,
      1000,
      true
    ],
    "9_GoldBars": [
      1050,
      1720
    ],
    "BagDrop": [
      3100,
      1199.2290249433108
    ],
    "NumberMatch": [
      5150,
      3029.931972789116
    ],
    "PrizeWin": [
      9200.000000000002,
      2496.757369614512
    ]
  }
}