{
  "urls": [
    "ch1.ogg",
    "ch1.m4a"
  ],
  "sprite": {
    "silence": [
      0,
      1000,
      true
    ],
    "BackgroundMusicTerm_LOSE": [
      1050,
      4692.04081632653
    ],
    "BackgroundMusicTerm_WIN": [
      6100,
      5187.437641723356
    ],
    "BetDown": [
      12150,
      1010.3174603174612
    ],
    "Collect": [
      14200.000000000002,
      1629.4784580498867
    ],
    "GoldBar1": [
      16250,
      997.2562358276633
    ],
    "NumberMatch": [
      17299.999999999996,
      3029.9319727891143
    ],
    "Pick": [
      21349.999999999993,
      1629.4784580498886
    ],
    "SpinButton": [
      23399.999999999996,
      1497.5510204081636
    ]
  }
}