{
  "urls": [
    "ch2.ogg",
    "ch2.m4a"
  ],
  "sprite": {
    "silence": [
      0,
      1000,
      true
    ],
    "BetUp": [
      1050,
      1999.9999999999998
    ],
    "BuyButton": [
      3099.9999999999995,
      2000
    ],
    "GoldBar2": [
      5149.999999999999,
      997.2562358276642
    ],
    "GoldBarSelect": [
      6199.999999999999,
      799.7052154195012
    ],
    "NumberMatch": [
      7249.999999999999,
      3029.931972789115
    ],
    "SpinLoop": [
      11299.999999999998,
      801.4739229024937
    ]
  }
}