{
  "urls": [
    "ch3.ogg",
    "ch3.m4a"
  ],
  "sprite": {
    "silence": [
      0,
      1000,
      true
    ],
    "BetMax": [
      1050,
      1846.1678004535147
    ],
    "GoldBar3": [
      3100,
      997.2562358276647
    ],
    "reveal_1": [
      4150,
      969.9999999999998
    ],
    "SpinStop": [
      5200,
      3003.310657596372
    ]
  }
}