{
  "urls": [
    "ch4.ogg",
    "ch4.m4a"
  ],
  "sprite": {
    "silence": [
      0,
      1000,
      true
    ],
    "GoldBar4": [
      1050,
      997.2562358276645
    ],
    "reveal_2": [
      2100,
      981.7460317460318
    ],
    "Transition": [
      3150.0000000000005,
      3174.671201814059
    ],
    "UI_Click": [
      7200,
      648.9795918367349
    ]
  }
}