{
  "urls": [
    "ch6.ogg",
    "ch6.m4a"
  ],
  "sprite": {
    "silence": [
      0,
      1000,
      true
    ],
    "GoldBar6": [
      1050,
      997.2562358276645
    ],
    "reveal_4": [
      2100,
      1435.9863945578231
    ]
  }
}