{
  "urls": [
    "ch7.ogg",
    "ch7.m4a"
  ],
  "sprite": {
    "silence": [
      0,
      1000,
      true
    ],
    "GoldBar7": [
      1050,
      997.2562358276645
    ],
    "PrizeBonusReveal": [
      2100,
      1903.1972789115641
    ],
    "WheelBonusReveal": [
      4149.999999999999,
      1994.1496598639458
    ]
  }
}