{
  "urls": [
    "ch8.ogg",
    "ch8.m4a"
  ],
  "sprite": {
    "silence": [
      0,
      1000,
      true
    ],
    "GoldBar8": [
      1050,
      997.2562358276645
    ],
    "MultiplierWin": [
      2100,
      2601.7233560090704
    ],
    "PrizeBonusTransition": [
      5150,
      3009.160997732426
    ]
  }
}