{
  "urls": [
    "ch5.ogg",
    "ch5.m4a"
  ],
  "sprite": {
    "silence": [
      0,
      1000,
      true
    ],
    "GoldBar5": [
      1050,
      997.2562358276645
    ],
    "reveal_3": [
      2100,
      1120.1814058956913
    ],
    "WheelBonusTransition": [
      4150,
      2449.523809523809
    ]
  }
}